{"Birmingham":[-86.94663043127072,33.43930327677715,-86.6768409947041,33.62239023691298],"Mobile":[-88.0994043227567,30.65453065591213,-88.03947526224393,30.70789352068217],"Montgomery":[-86.34530111667377,32.33657779704907,-86.25710620462344,32.418730029147504],"Little Rock":[-92.34519306228404,34.71207688869415,-92.23443531795608,34.79008130221677],"Phoenix":[-112.10870287284939,33.425796325303835,-112.03050826795162,33.501110465055646],"Fresno":[-119.82532276284894,36.714064955296436,-119.72765008556202,36.786654891367135],"Los Angeles":[-118.61035631235411,33.70562838826662,-117.70284960189308,34.30387530437706],"Oakland":[-122.30970094612314,37.71369448985794,-122.11684743999395,37.906011702701626],"Sacramento":[-121.51760335053007,38.52878137384828,-121.42306188142159,38.6193082725083],"San Diego":[-117.28203556505028,32.66256744323163,-117.01871736810996,32.86250010381255],"San Francisco":[-122.51005677456848,37.70801434138381,-122.3626765046527,37.80668279365578],"San Jose":[-121.95662172504596,37.28920867512653,-121.85317398900318,37.367404684907605],"Stockton":[-121.33612308363307,37.92434176996588,-121.23222543536336,37.98812955218552],"Denver":[-105.06225303904007,39.62951626848633,-104.87625686215807,39.79110762903403],"Pueblo":[-104.65222652818616,38.22187319257296,-104.57630802424964,38.30215969566843],"Hartford":[-72.78163408280304,41.7223736200955,-72.58426500804863,41.810944808089154],"New Britain":[-72.81948525756115,41.64548421399929,-72.74997327682122,41.70368289967848],"New Haven":[-72.9932086618113,41.23108846676062,-72.85227117289361,41.375015357445484],"Stamford, Darien, and New Canaan":[-73.57245313050677,41.01759924134668,-73.44393705665438,41.16013353520044],"Waterbury":[-73.12794040818493,41.525226704220195,-72.98597214380122,41.61467495163073],"Jacksonville":[-81.73554364434615,30.25701460163717,-81.62550005617747,30.39338799185416],"Miami":[-80.29751608278211,25.70537320703798,-80.11884081883451,25.911448224785428],"St. Petersburg":[-82.75502864460323,27.6996879138028,-82.59805129790972,27.852423269097926],"Tampa":[-82.5368066861044,27.853067797023698,-82.41392878482652,28.030647794254197],"Atlanta":[-84.45794450101904,33.63704234482459,-84.25469220585701,33.86970082267174],"Augusta":[-82.04863937853992,33.4464418792951,-81.94719055839602,33.51163938370192],"Columbus":[-84.99557847305313,32.439789552280025,-82.903867201822,40.10155721410414],"Macon":[-83.69547791771762,32.78408638728848,-83.60350422984824,32.86730437079176],"Savannah":[-81.12524506845554,32.039318483598684,-81.06173379518599,32.09600765896261],"Council Bluffs":[-95.92269291214917,41.23265040454905,-95.82238136454484,41.301556240009205],"Davenport":[-90.63034632215204,41.50137276265887,-90.52193249979265,41.56731535851974],"Des Moines":[-93.70373234253323,41.54667629128466,-93.52915797319761,41.637076800409616],"Dubuque":[-90.70069410261883,42.471067423331675,-90.64293997659665,42.54242472497783],"Sioux City":[-96.4925588309379,42.44325314335332,-96.33054506792588,42.56287910711073],"Waterloo":[-92.37715596720433,42.46923889242357,-92.29796986477803,42.527832826471425],"Aurora":[-88.35943930579266,41.72244046923585,-88.27158654047446,41.812637717164684],"Chicago":[-87.88499164416905,41.604140503203794,-87.52514652347593,42.283026971459066],"Decatur":[-88.99627159360512,39.82233739388828,-88.89713426265476,39.875459574621914],"East St. Louis":[-90.19543516189614,38.56176721585834,-90.0374635319984,38.74210642715143],"Joliet":[-88.12570162594356,41.48762091968707,-88.03276097353606,41.564355792717905],"Peoria":[-89.65507664092782,40.64084708954573,-89.55276332168032,40.7586660504696],"Rockford":[-89.16534177409086,42.22266004313613,-89.01585271174056,42.34708753625847],"Springfield":[-93.3262881950566,37.17612498624532,-83.76160297854521,39.95370424256847],"Evansville":[-87.63861130138673,37.94022037988179,-87.50689843874679,38.013054333902424],"Fort Wayne":[-85.19471017085407,41.010421315189795,-85.08711610341224,41.114288148764565],"Indianapolis":[-86.28916459866178,39.66007697900056,-86.0319191244332,39.912938388628305],"Lake Co. Gary":[-87.52581155077235,41.48994242765764,-87.22176115619361,41.6987628645632],"Muncie":[-85.42448251725745,40.16376792310381,-85.34562535453199,40.21372384276994],"South Bend":[-86.30815803624343,41.63599614031885,-86.10935638396944,41.708606565346145],"Terre Haute":[-87.42590031311987,39.42800030813856,-87.36281274552542,39.50722455065665],"Topeka":[-95.7305318579837,39.01519171935171,-95.62293630832167,39.087155094474376],"Wichita":[-97.38026473576917,37.64964781501842,-97.24939841401196,37.733431134793584],"Covington":[-84.61093646476803,38.99620474607949,-84.44034791405981,39.11872028571658],"Lexington":[-84.52948495133235,38.01134854618152,-71.19123388030143,42.47662054984215],"Louisville":[-85.83400420815936,38.156248110468844,-85.6457481520935,38.28021706669479],"New Orleans":[-90.1777925183123,29.897200860777655,-90.00117729972033,30.028295287963314],"Shreveport":[-93.79743261393827,32.43106499173564,-93.70769217469613,32.53477814492889],"Arlington":[-71.20194669969631,42.39931541336578,-71.1328158597584,42.4361443735713],"Belmont":[-71.19536127970584,42.37499867050537,-71.15376564387421,42.412755668336025],"Boston":[-71.17491731446864,42.23202864452844,-70.98722932244576,42.39551409158442],"Braintree":[-71.01843781320729,42.21048825558327,-70.98568554696874,42.23308838977395],"Brockton":[-71.06952566637185,42.04645769214178,-70.97475781911685,42.119043619072855],"Brookline":[-71.17620375226116,42.294371914190705,-71.10587937380583,42.351725621033246],"Cambridge":[-71.15576215318642,42.3546652542758,-71.07707780476206,42.39404789094409],"Chelsea":[-71.04475177924438,42.385714529396324,-71.01266501551102,42.414166183987845],"Dedham":[-71.19218106124205,42.22062643954958,-71.13688598437693,42.27548950817121],"Everett":[-71.06848622395994,42.39195399760093,-71.02813796627396,42.42405122923496],"Haverhill":[-71.13806579034859,42.73826888783559,-70.98315104022613,42.8403620602369],"Holyoke Chicopee":[-72.64590006540567,42.12863481833602,-72.5417856689293,42.23084551336714],"Malden":[-71.08942841551496,42.4130637177485,-71.01953395997484,42.44475074259086],"Medford":[-71.1449672358594,42.404587703990195,-71.0769119038954,42.44223087148689],"Melrose":[-71.07993954979638,42.43974546435066,-71.03102506535885,42.47635630906449],"Milton":[-71.11366603896055,42.24180725256397,-71.0385563808008,42.27129945108035],"Needham":[-71.24973843735239,42.268920378496006,-71.20683130432508,42.310392028656686],"Newton":[-71.26036880128567,42.301292913955635,-71.15762571812479,42.37172924420379],"Quincy":[-71.046976581013,42.23058939573512,-70.94920053189134,42.30260300248686],"Revere":[-71.03313408327053,42.40031907402799,-70.98676000571041,42.45036299106694],"Saugus":[-71.02770509239306,42.44018713091933,-70.987727361914,42.47729149988038],"Somerville":[-71.14001587203198,42.38586445347555,-71.08096386817215,42.417796426100736],"Waltham":[-71.26086869218172,42.3672572995487,-71.20006558347391,42.4139731480614],"Watertown":[-71.2173073466757,42.358881991025825,-71.14944812053149,42.38602661437608],"Winchester":[-71.16641735553732,42.43559886110872,-71.11416822145888,42.472693675322965],"Winthrop":[-70.9957891199548,42.35596342321955,-70.96691103331344,42.40281133722908],"Baltimore":[-76.75690212927474,39.17874502481431,-76.50927458531488,39.4068014047555],"Battle Creek":[-85.28354053317007,42.27507879411263,-85.12632448344432,42.36280509730847],"Bay City":[-83.9175019785885,43.557052989828065,-83.84893126158642,43.6235997194836],"Detroit":[-83.40035770861599,42.13494780426578,-82.87286518523528,42.56011966804432],"Flint":[-83.76330785429202,42.92227511937749,-83.62051021313572,43.112726815087164],"Grand Rapids":[-85.77334914540363,42.87286314097233,-85.58182924850085,43.03688027454087],"Jackson":[-90.23968014599461,32.279108432431855,-84.3500488897976,42.28585795652174],